title,published_date,duration_seconds,views,likes,comments,upload_month,published_year,published_month
"PONNIE x SƠN TÙNG M-TP | HƠN CẢ SỐ 1","2024-08-11 00:00:00",61,11552144,51492,4449,2024-08,2024,8
"SƠN TÙNG M-TP | 7-MINUTE STAGE | ĐỪNG LÀM TRÁI TIM ANH ĐAU","2024-06-22 00:00:00",738,4027961,87823,5012,2024-06,2024,6
"SƠN TÙNG M-TP | ĐỪNG LÀM TRÁI TIM ANH ĐAU | BEHIND THE SCENES","2024-06-15 00:00:00",508,2577227,65237,2614,2024-06,2024,6
"LA LA LA LA #DLTTAD DANCE 🧩🎧♥️","2024-06-14 00:00:00",51,728559,37813,798,2024-06,2024,6
"ĐỪNG LÀM TRÁI TIM ANH ĐAU | DANCE CHALLENGE 🧩🎧🔥","2024-06-09 00:00:00",38,2471782,99058,1398,2024-06,2024,6
"SƠN TÙNG M-TP | ĐỪNG LÀM TRÁI TIM ANH ĐAU | OFFICIAL MUSIC VIDEO","2024-06-08 00:00:00",326,156275222,1401502,251126,2024-06,2024,6
"Main Poster: ĐỪNG LÀM TRÁI TIM ANH ĐAU ❤️‍🩹","2024-05-31 00:00:00",10,446827,17739,321,2024-05,2024,5
"SƠN TÙNG M-TP | ĐỪNG LÀM TRÁI TIM ANH ĐAU | OFFICIAL TEASER","2024-05-29 00:00:00",22,1773027,72234,5781,2024-05,2024,5
"ĐỪNG LÀM TRÁI TIM ANH ĐAU ❤️‍🩹 -coming soon- #DLTTAD 💍 #SonTungMTP","2024-05-25 00:00:00",10,976570,33910,725,2024-05,2024,5
"… 👀 #DLTTAD 💍","2024-05-22 00:00:00",17,532766,14137,251,2024-05,2024,5
"SƠN TÙNG M-TP | 7-MINUTE STAGE | CHÚNG TA CỦA TƯƠNG LAI","2024-03-23 00:00:00",461,4754150,98333,9537,2024-03,2024,3
"SƠN TÙNG M-TP | CHÚNG TA CỦA TƯƠNG LAI | BEHIND THE SCENES","2024-03-15 00:00:00",499,1130530,47561,2443,2024-03,2024,3
"ĐÃ BẢO ĐỪNG BẬT NỮA ...!","2024-03-08 00:00:00",47,1625175,78743,1343,2024-03,2024,3
"SƠN TÙNG M-TP | CHÚNG TA CỦA TƯƠNG LAI | OFFICIAL MUSIC VIDEO","2024-03-07 00:00:00",277,84230772,915444,269993,2024-03,2024,3
"ACOUSTIC DEMO | CHÚNG TA CỦA TƯƠNG LAI","2024-03-04 00:00:00",52,919369,44774,781,2024-03,2024,3
"SƠN TÙNG M-TP | CHÚNG TA CỦA TƯƠNG LAI | OFFICIAL TEASER","2024-03-01 00:00:00",37,1381387,66841,5974,2024-03,2024,3
"MB x JCB x SƠN TÙNG M-TP | BE THE SKY","2024-01-18 00:00:00",65,3578862,104742,6952,2024-01,2024,1
"SƠN TÙNG M-TP x BOMATELA | CÓ CHẮC YÊU LÀ ĐÂY (REMIX) | SHOW RECAP","2023-09-29 00:00:00",227,1689194,39570,1821,2023-09,2023,9
"SƠN TÙNG M-TP x BOMATELA | NƠI NÀY CÓ ANH (REMIX) | OFFICIAL VISUALIZER","2023-09-20 00:00:00",215,1323790,38267,2419,2023-09,2023,9
"SƠN TÙNG M-TP x BOMATELA | MUỘN RỒI MÀ SAO CÒN (REMIX) | OFFICIAL VISUALIZER","2023-09-08 00:00:00",448,1812062,63851,5239,2023-09,2023,9
"SON TUNG M-TP | MAKING MY WAY | OFFICIAL VISUALIZER","2023-05-04 00:00:00",258,51145499,837145,115201,2023-05,2023,5
"Don't forget to pre-save ! (link in the description) 👉🏼👉🏼👉🏼✨✨✨","2023-04-29 00:00:00",55,1236430,47843,609,2023-04,2023,4
"Use this sound to show your love for MAKING MY WAY !! ♥️♥️♥️","2023-04-27 00:00:00",24,2052880,67987,1179,2023-04,2023,4
"DELI x SƠN TÙNG M-TP | KIẾN TẠO BẢN SẮC","2023-03-03 00:00:00",61,522735,26992,934,2023-03,2023,3
"SKY DECADE | DREAMS IN THE SKY | ĐIỆN BIÊN  #2","2022-10-27 00:00:00",12,776558,26601,214,2022-10,2022,10
"SKY DECADE | DREAMS IN THE SKY | ĐIỆN BIÊN  #1","2022-10-27 00:00:00",10,1444045,43289,306,2022-10,2022,10
"SKY DECADE | DREAMS IN THE SKY | THÁI BÌNH #2","2022-10-25 00:00:00",10,4358029,129039,762,2022-10,2022,10
"SKY DECADE | DREAMS IN THE SKY | THÁI BÌNH #1","2022-10-25 00:00:00",14,1166076,43085,284,2022-10,2022,10
"SKY DECADE | DREAMS IN THE SKY | TUYÊN QUANG #3","2022-10-24 00:00:00",11,289031,12825,101,2022-10,2022,10
"SKY DECADE | DREAMS IN THE SKY | TUYÊN QUANG #2","2022-10-24 00:00:00",11,734318,27361,287,2022-10,2022,10
"SKY DECADE | DREAMS IN THE SKY | TUYÊN QUANG #1","2022-10-24 00:00:00",11,352042,15729,133,2022-10,2022,10
"SKY DECADE | DREAMS IN THE SKY | THUỴ AN #3","2022-10-23 00:00:00",11,314252,13876,130,2022-10,2022,10
"SKY DECADE | DREAMS IN THE SKY | THUỴ AN #2","2022-10-23 00:00:00",11,664986,26222,260,2022-10,2022,10
"SKY DECADE | DREAMS IN THE SKY | THUỴ AN #1","2022-10-23 00:00:00",16,378853,22531,276,2022-10,2022,10
"SKY DECADE | THE SECOND GIFT | SKY TOUR MOVIE | TRAILER","2022-10-11 00:00:00",132,1248776,60724,2355,2022-10,2022,10
"SƠN TÙNG M-TP | SKY DECADE | Cơn Mưa Xa Dần","2022-10-06 00:00:00",197,11218952,136430,7033,2022-10,2022,10
"SƠN TÙNG M-TP | SKY DECADE | Lời Tri Ân","2022-10-06 00:00:00",80,786041,67725,4605,2022-10,2022,10
"SƠN TÙNG M-TP | SKY DECADE | Nắng Ấm Ngang Qua","2022-10-06 00:00:00",196,5864128,83279,5152,2022-10,2022,10
"SƠN TÙNG M-TP | SKY DECADE | Intro 2022","2022-10-06 00:00:00",84,2044501,75875,5100,2022-10,2022,10
"SKY DECADE","2022-10-04 00:00:00",60,246027,23263,819,2022-10,2022,10
"SƠN TÙNG M-TP | THERE’S NO ONE AT ALL (ANOTHER VERSION) | OFFICIAL MUSIC VIDEO","2022-07-04 00:00:00",222,24463611,586373,67146,2022-07,2022,7
"SƠN TÙNG M-TP | THERE'S NO ONE AT ALL | TEASING AUDIO","2022-04-25 00:00:00",221,2828809,137441,8479,2022-04,2022,4
"SƠN TÙNG M-TP | THERE'S NO ONE AT ALL | OFFICIAL TRAILER","2022-04-23 00:00:00",44,4877568,189257,25404,2022-04,2022,4
"SƠN TÙNG M-TP | #NOAA | FASHION CLIP","2022-04-15 00:00:00",51,349709,25219,454,2022-04,2022,4
"SƠN TÙNG M-TP | #NOAA | UNBOXING VIDEO","2022-04-14 00:00:00",42,416078,25797,672,2022-04,2022,4
"SƠN TÙNG M-TP | LẠC TRÔI MOVINGTOON | KỸ NĂNG DIỄN XUẤT  | OFFICIAL EPISODE 45","2022-04-14 00:00:00",317,314020,9827,453,2022-04,2022,4
"SƠN TÙNG M-TP | LẠC TRÔI MOVINGTOON | LÝ DO BIẾN MẤT | OFFICIAL EPISODE 44","2022-04-07 00:00:00",287,134540,6014,364,2022-04,2022,4
"SƠN TÙNG M-TP | LẠC TRÔI MOVINGTOON | THÂN PHẬN THẬT | OFFICIAL EPISODE 43","2022-03-31 00:00:00",285,131196,5638,313,2022-03,2022,3
"SƠN TÙNG M-TP | LẠC TRÔI MOVINGTOON | NGẦM THỪA NHẬN | OFFICIAL EPISODE 42","2022-03-24 00:00:00",317,134148,6126,384,2022-03,2022,3
"SƠN TÙNG M-TP | LẠC TRÔI MOVINGTOON | TRAO ĐỔI THÔNG TIN | OFFICIAL EPISODE 41","2022-03-17 00:00:00",331,123698,5994,370,2022-03,2022,3
"SƠN TÙNG M-TP | LẠC TRÔI MOVINGTOON | SAO CHUYỆN ĐÓ CÓ THỂ XẢY RA ĐƯỢC! | OFFICIAL EPISODE 40","2022-02-24 00:00:00",297,135341,6404,408,2022-02,2022,2
"SƠN TÙNG M-TP | LẠC TRÔI MOVINGTOON | TAI NẠN BẤT NGỜ | OFFICIAL EPISODE 39","2022-02-17 00:00:00",282,128296,6242,278,2022-02,2022,2
"SƠN TÙNG M-TP | LẠC TRÔI MOVINGTOON | 2 CHÚ GẤU | OFFICIAL EPISODE 38","2022-02-10 00:00:00",315,112469,6255,242,2022-02,2022,2
"SƠN TÙNG M-TP | LẠC TRÔI MOVINGTOON | LÊ HUY | OFFICIAL EPISODE 37","2022-02-03 00:00:00",292,130239,6859,286,2022-02,2022,2
"SƠN TÙNG M-TP | LẠC TRÔI MOVINGTOON | PHOTOSHOOT | OFFICIAL EPISODE 36","2022-01-27 00:00:00",320,137647,7683,347,2022-01,2022,1
"SƠN TÙNG M-TP | LẠC TRÔI MOVINGTOON | CƠN ÁC MỘNG | OFFICIAL EPISODE 35","2022-01-20 00:00:00",347,133060,7322,289,2022-01,2022,1
"SƠN TÙNG M-TP | LẠC TRÔI MOVINGTOON | MA ÂM | OFFICIAL EPISODE 34","2022-01-13 00:00:00",340,131604,7388,347,2022-01,2022,1
"SƠN TÙNG M-TP | LẠC TRÔI MOVINGTOON | MAKE OVER | OFFICIAL EPISODE 33","2022-01-06 00:00:00",314,129122,7539,355,2022-01,2022,1
"SƠN TÙNG M-TP | LẠC TRÔI MOVINGTOON | KÝ HỢP ĐỒNG | OFFICIAL EPISODE 32","2021-12-30 00:00:00",284,111539,7080,272,2021-12,2021,12
"SƠN TÙNG M-TP | LẠC TRÔI MOVINGTOON | TÔI ĐỒNG Ý | OFFICIAL EPISODE 31","2021-12-23 00:00:00",256,106308,6812,423,2021-12,2021,12
"SƠN TÙNG M-TP | LẠC TRÔI MOVINGTOON | TÙNG FAKE TÙNG REAL | OFFICIAL EPISODE 30","2021-12-16 00:00:00",297,131327,8088,388,2021-12,2021,12
"SƠN TÙNG M-TP | LẠC TRÔI MOVINGTOON | LẾT XI TY | OFFICIAL EPISODE 29","2021-12-09 00:00:00",321,127017,8318,500,2021-12,2021,12
"SƠN TÙNG M-TP | LẠC TRÔI MOVINGTOON | PAPARAZZI | OFFICIAL EPISODE 28","2021-12-02 00:00:00",367,122279,8213,372,2021-12,2021,12
"SƠN TÙNG M-TP | LẠC TRÔI MOVINGTOON | TÔI LÀ QUẢN LÝ CỦA CẬU | OFFICIAL EPISODE 27","2021-11-25 00:00:00",386,122702,8257,441,2021-11,2021,11
"SƠN TÙNG M-TP | LẠC TRÔI MOVINGTOON | VI PHẠM HỢP ĐỒNG | OFFICIAL EPISODE 26","2021-11-18 00:00:00",403,133224,9077,435,2021-11,2021,11
"SƠN TÙNG M-TP | LẠC TRÔI MOVINGTOON | CHỊ ĐIÊN HAY HỌ ĐIÊN  | OFFICIAL EPISODE 25","2021-11-11 00:00:00",392,129222,9441,486,2021-11,2021,11
"SƠN TÙNG M-TP | LẠC TRÔI MOVINGTOON | MR.D ĐẾN RỒI | OFFICIAL EPISODE 24","2021-11-04 00:00:00",330,135922,9312,532,2021-11,2021,11
"SƠN TÙNG M-TP | LẠC TRÔI MOVINGTOON | LỚP BỔ TÚC CỦA MY LAN | OFFICIAL EPISODE 23","2021-10-28 00:00:00",372,139417,9594,477,2021-10,2021,10
"SƠN TÙNG M-TP | LẠC TRÔI MOVINGTOON | MỘT ĐÊM KHÓ NGỦ | OFFICIAL EPISODE 22","2021-10-21 00:00:00",400,146493,10335,556,2021-10,2021,10
"SƠN TÙNG M-TP | LẠC TRÔI MOVINGTOON | 3 NGƯỜI BỊ TÂM THẦN | OFFICIAL EPISODE 21","2021-10-14 00:00:00",344,141747,10100,567,2021-10,2021,10
"SƠN TÙNG M-TP | LẠC TRÔI MOVINGTOON | CHỦ NHÂN SỢ CHÓ! | OFFICIAL EPISODE 20","2021-09-23 00:00:00",336,182992,12367,775,2021-09,2021,9
"SƠN TÙNG M-TP | LẠC TRÔI MOVINGTOON | CHUNG CƯ CỦA NGƯỜI NỔI TIẾNG | OFFICIAL EPISODE 19","2021-09-16 00:00:00",342,163702,11491,527,2021-09,2021,9
"SƠN TÙNG M-TP | LẠC TRÔI MOVINGTOON | ĐỪNG HÒNG CHIA CẮT CHÚNG TÔI | OFFICIAL EPISODE 18","2021-09-09 00:00:00",325,164542,11797,593,2021-09,2021,9
"SƠN TÙNG M-TP | LẠC TRÔI MOVINGTOON | VỀ NHÀ | OFFICIAL EPISODE 17","2021-09-02 00:00:00",304,182652,12485,577,2021-09,2021,9
"SƠN TÙNG M-TP | LẠC TRÔI MOVINGTOON | GẶP LẠI NHI LAN | OFFICIAL EPISODE 16","2021-08-26 00:00:00",370,189057,13279,669,2021-08,2021,8
"SƠN TÙNG M-TP | LẠC TRÔI MOVINGTOON | ĐẠI NAM | OFFICIAL EPISODE 15","2021-08-19 00:00:00",273,195623,13663,668,2021-08,2021,8
"SƠN TÙNG M-TP | LẠC TRÔI MOVINGTOON | NÁO LOẠN Ở NGÃ 6 | OFFICIAL EPISODE 14","2021-08-12 00:00:00",256,201739,13757,684,2021-08,2021,8
"SƠN TÙNG M-TP | LẠC TRÔI MOVINGTOON | CẢI TRANG | OFFICIAL EPISODE 13","2021-08-05 00:00:00",261,184016,12359,653,2021-08,2021,8
"SƠN TÙNG M-TP | LẠC TRÔI MOVINGTOON | CẦM ĐỒ | OFFICIAL EPISODE 12","2021-07-29 00:00:00",336,180618,12766,559,2021-07,2021,7
"SƠN TÙNG M-TP | LẠC TRÔI MOVINGTOON | TRẦN TÙNG | OFFICIAL EPISODE 11","2021-07-22 00:00:00",319,195331,13337,768,2021-07,2021,7
"SƠN TÙNG M-TP | LẠC TRÔI MOVINGTOON | THẾ GIỚI MỚI | OFFICIAL EPISODE 10","2021-07-09 00:00:00",379,290873,18225,1253,2021-07,2021,7
"SƠN TÙNG M-TP | LẠC TRÔI MOVINGTOON | ĐĂNG CƠ | OFFICIAL EPISODE 9","2021-07-01 00:00:00",359,286361,18225,1529,2021-07,2021,7
"SƠN TÙNG M-TP | LẠC TRÔI MOVINGTOON | TÂN ĐẾ | OFFICIAL EPISODE 8","2021-06-24 00:00:00",354,299754,18991,929,2021-06,2021,6
"SƠN TÙNG M-TP | LẠC TRÔI MOVINGTOON | 10 NĂM ẨN NHẪN | OFFICIAL EPISODE 7","2021-06-17 00:00:00",329,302023,19673,1005,2021-06,2021,6
"SƠN TÙNG M-TP | MUỘN RỒI MÀ SAO CÒN | LIVE PERFORMANCE | LAZADA SUPERSHOW 6.6","2021-06-10 00:00:00",284,4146019,141415,9889,2021-06,2021,6
"SƠN TÙNG M-TP | LẠC TRÔI MOVINGTOON | ĐẢO CHÍNH | OFFICIAL EPISODE 6","2021-06-10 00:00:00",320,303434,20857,1058,2021-06,2021,6
"SƠN TÙNG M-TP | LẠC TRÔI MOVINGTOON | PHẾ THÁI TỬ | OFFICIAL EPISODE 5","2021-06-03 00:00:00",426,413199,27958,1358,2021-06,2021,6
"SƠN TÙNG M-TP | LẠC TRÔI MOVINGTOON | BÃO TỐ SẮP ĐẾN | OFFICIAL EPISODE 4","2021-05-27 00:00:00",305,375448,27505,1268,2021-05,2021,5
"SƠN TÙNG M-TP | LẠC TRÔI MOVINGTOON | TRẦN ANH, TA ĐẾN TRỄ | OFFICIAL EPISODE 3","2021-05-20 00:00:00",433,560004,39504,1802,2021-05,2021,5
"SƠN TÙNG M-TP | MUỘN RỒI MÀ SAO CÒN | ONLINE STAGE","2021-05-17 00:00:00",354,4716146,183496,10674,2021-05,2021,5
"SƠN TÙNG M-TP | LẠC TRÔI MOVINGTOON | CHỜ THỜI CƠ | OFFICIAL EPISODE 2","2021-05-14 00:00:00",304,644991,50475,2549,2021-05,2021,5
"SƠN TÙNG M-TP | LẠC TRÔI MOVINGTOON | QUÀ MỪNG THỌ | OFFICIAL EPISODE 1","2021-05-12 00:00:00",409,1586571,127658,6189,2021-05,2021,5
"SƠN TÙNG M-TP | MUỘN RỒI MÀ SAO CÒN | MAKING MV","2021-05-10 00:00:00",341,3209159,184796,9782,2021-05,2021,5
"SƠN TÙNG M-TP | MUỘN RỒI MÀ SAO CÒN | OFFICIAL MUSIC VIDEO","2021-04-29 00:00:00",289,228229809,2644692,2031001,2021-04,2021,4
"SƠN TÙNG M-TP | MUỘN RỒI MÀ SAO CÒN | CALL TO ACTION","2021-04-15 00:00:00",80,2261099,127350,5814,2021-04,2021,4
"SƠN TÙNG M-TP | MUỘN RỒI MÀ SAO CÒN | TEASING AUDIO","2021-04-13 00:00:00",46,4479068,243376,48624,2021-04,2021,4
"Free Fire x Sơn Tùng M-TP | 'Skyler' Theme Song |  Official","2021-01-28 00:00:00",142,25527146,771372,127601,2021-01,2021,1
"FREE FIRE x SƠN TÙNG M-TP | 'SKYLER' THEME SONG |  TEASER","2021-01-26 00:00:00",15,1933319,104630,9628,2021-01,2021,1
"DỪNG LẠI HAY BỨT PHÁ | SƠN TÙNG M-TP x TIGER BEER","2021-01-19 00:00:00",45,1108227,81321,3874,2021-01,2021,1
"SƠN TÙNG M-TP | CHÚNG TA CỦA HIỆN TẠI | KARAOKE VERSION","2021-01-15 00:00:00",313,4011280,143701,6476,2021-01,2021,1
"SƠN TÙNG M-TP | LẠC TRÔI COMIC | OFFICIAL TRAILER","2021-01-03 00:00:00",140,1382179,109904,3946,2021-01,2021,1
"SƠN TÙNG M-TP | TIGER REMIX COUNTDOWN STAGE | 2021","2020-12-31 00:00:00",769,14898708,364367,23317,2020-12,2020,12
"SƠN TÙNG M-TP | CHÚNG TA CỦA HIỆN TẠI | MAKING MV","2020-12-30 00:00:00",1221,2904850,162390,8419,2020-12,2020,12
"SƠN TÙNG M-TP | CHÚNG TA CỦA HIỆN TẠI | OFFICIAL MUSIC VIDEO","2020-12-20 00:00:00",891,114316715,2284807,1128519,2020-12,2020,12
"SƠN TÙNG M-TP | CHÚNG TA CỦA HIỆN TẠI | OFFICIAL TRAILER","2020-12-17 00:00:00",30,5377024,368013,33399,2020-12,2020,12
"Son Tung M-TP | Stage Performance at TPBank Concert","2020-11-13 00:00:00",1266,6528380,147238,11184,2020-11,2020,11
"SKY TOUR MOVIE | OFFICIAL TRAILER (NETFLIX VERSION)","2020-08-29 00:00:00",45,791867,55248,2260,2020-08,2020,8
"SKY TOUR MOVIE | GOING GLOBAL | STAY TUNED","2020-08-24 00:00:00",18,523101,47743,2558,2020-08,2020,8
"M-TP TALENT | CASTING CALL | EXCLUSIVE ACTRESS","2020-08-16 00:00:00",53,1253692,84380,3623,2020-08,2020,8
"Sơn Tùng M-TP x TPBank | MỘT TRẢI NGHIỆM 4.0 CHƯA TỪNG CÓ","2020-08-08 00:00:00",222,4929789,58379,3523,2020-08,2020,8
"SƠN TÙNG M-TP | OPPO RENO4 LIVE PERFORMANCE","2020-08-02 00:00:00",645,3422478,159494,10167,2020-08,2020,8
"SƠN TÙNG M-TP | CÓ CHẮC YÊU LÀ ĐÂY | ONLINE STAGE","2020-07-20 00:00:00",1281,3182528,231654,15901,2020-07,2020,7
"SƠN TÙNG M-TP | CÓ CHẮC YÊU LÀ ĐÂY | MV MAKING","2020-07-13 00:00:00",450,5976321,335271,14928,2020-07,2020,7
"SƠN TÙNG M-TP | CÓ CHẮC YÊU LÀ ĐÂY | OFFICIAL MUSIC VIDEO","2020-07-05 00:00:00",216,185846744,3357026,994887,2020-07,2020,7
"SƠN TÙNG M-TP | CÓ CHẮC YÊU LÀ ĐÂY | OFFICIAL TRAILER","2020-06-29 00:00:00",42,11462729,693139,72808,2020-06,2020,6
"SKY TOUR MOVIE | SƠN TÙNG M-TP | PREVIEW CLIP","2020-06-05 00:00:00",61,1662186,113152,4561,2020-06,2020,6
"SKY TOUR MOVIE | SƠN TÙNG M-TP | OFFICIAL TRAILER","2020-05-31 00:00:00",78,2832370,219082,17252,2020-05,2020,5
"LIVESTREAM | HỌP BÁO CÔNG TY M-TP ENTERTAINMENT | 18.12.2019","2019-12-18 00:00:00",5993,886558,41454,1730,2019-12,2019,12
"SƠN TÙNG M-TP | HÃY TRAO CHO ANH | MV MAKING","2019-07-12 00:00:00",241,12885952,412873,13027,2019-07,2019,7
"SƠN TÙNG M-TP | HÃY TRAO CHO ANH ft. Snoop Dogg | Official MV","2019-07-01 00:00:00",263,300840521,4187294,1259472,2019-07,2019,7
"SKY TOUR 2019 | TRAILER","2019-06-17 00:00:00",89,1785775,93791,4786,2019-06,2019,6
"SƠN TÙNG M-TP | LEVI'S 501 DAY STAGE | HÀ NỘI 2019","2019-05-31 00:00:00",726,5866154,139875,7387,2019-05,2019,5
"TÔI ĐÃ "LÌ" NHƯ THẾ ĐÓ! - SƠN TÙNG M-TP x PEPSI","2019-05-18 00:00:00",137,29390080,181937,10068,2019-05,2019,5
"NẮNG ẤM XA DẦN (ONIONN REMIX) | SƠN TÙNG M-TP | Official Music","2019-04-04 00:00:00",203,22616500,382031,20424,2019-04,2019,4
"CHẠY NGAY ĐI | SƠN TÙNG M-TP | TIGER REMIX STAGE VERSION | HỒ CHÍ MINH 31.12.2018","2019-01-02 00:00:00",410,4875299,113579,7015,2019-01,2019,1
"CHẠY NGAY ĐI | SƠN TÙNG M-TP | FWD STAGE VERSION | HỒ CHÍ MINH 27.10.2018","2018-11-01 00:00:00",278,1896388,72731,5481,2018-11,2018,11
"CHUYẾN ĐI CỦA THANH XUÂN | SƠN TÙNG M-TP x BITI’S HUNTER x NGUYỄN QUANG DŨNG | Official Short Film","2018-07-27 00:00:00",849,18095694,304339,31481,2018-07,2018,7
"Điều Ý Nghĩa Nhất Cho Hôm Nay Là Gì? | Nhật Ký 05/07/2018 - Sơn Tùng M-TP","2018-07-08 00:00:00",1880,7698744,251566,17659,2018-07,2018,7
"CHẠY NGAY ĐI (ONIONN REMIX)| RUN NOW (ONIONN REMIX) | SƠN TÙNG M-TP | Official Music Video","2018-07-04 00:00:00",317,42155461,556646,49271,2018-07,2018,7
"CHẠY NGAY ĐI | SƠN TÙNG M-TP | LEVI'S STAGE VERSION | HỒ CHÍ MINH 20.05.2018","2018-05-29 00:00:00",292,6308230,141522,13882,2018-05,2018,5
"Trực Tiếp: Countdown Ra Mắt Music Video Chạy Ngay Đi - Sơn Tùng M-TP","2018-05-11 00:00:00",1930,1907136,50525,1023,2018-05,2018,5
"CHẠY NGAY ĐI | RUN NOW | SƠN TÙNG M-TP | Official Music Video","2018-05-11 00:00:00",274,163107887,1818014,994940,2018-05,2018,5
"CHẠY NGAY ĐI | SƠN TÙNG M-TP - Official Trailer","2018-05-07 00:00:00",45,4531866,122832,11135,2018-05,2018,5
"CHẠY NGAY ĐI | SƠN TÙNG M-TP - Teaser Trailer","2018-05-02 00:00:00",24,5135755,137342,13779,2018-05,2018,5
"SonTungMTPVEVO Live Stream","2017-11-26 00:00:00",NULL,NULL,2,NULL,2017-11,2017,11
"CHẠM TỚI GIẤC MƠ PHẦN 4 | SƠN TÙNG M-TP | COMING SOON","2017-09-29 00:00:00",263,473169,15130,702,2017-09,2017,9
"CHẠM TỚI GIẤC MƠ PHẦN 3 | SƠN TÙNG M-TP | COMING SOON","2017-09-28 00:00:00",235,764810,18275,834,2017-09,2017,9
"CHẠM TỚI GIẤC MƠ PHẦN 2 | SƠN TÙNG M-TP | COMING SOON","2017-09-26 00:00:00",228,630654,22318,807,2017-09,2017,9
"CHẠM TỚI GIẤC MƠ PHẦN 1 | SƠN TÙNG M-TP | COMING SOON","2017-09-24 00:00:00",206,1307590,49655,3080,2017-09,2017,9
"LẠC TRÔI (TRIPLE D REMIX) | 360 DEGREE MV |  SƠN TÙNG M-TP","2017-09-08 00:00:00",260,12829719,178733,9905,2017-09,2017,9
"M-TP OFFICIAL ALBUM & FANSIGN IN HANOI | SƠN TÙNG M-TP","2017-04-09 00:00:00",198,481073,19210,1416,2017-04,2017,4
"M-TP OFFICIAL ALBUM & FANSIGN IN HCM | SƠN TÙNG M-TP","2017-04-02 00:00:00",231,579231,20667,1838,2017-04,2017,4
"UNBOXING ALBUM m-tp M-TP | SƠN TÙNG M-TP","2017-03-28 00:00:00",208,470995,17848,1272,2017-03,2017,3
"ALBUM M-TP | SƠN TÙNG M-TP | TRAILER","2017-03-18 00:00:00",71,2585552,75508,5669,2017-03,2017,3
"NƠI NÀY CÓ ANH | OFFICIAL MUSIC VIDEO | SƠN TÙNG M-TP","2017-02-13 00:00:00",279,418466693,2268204,317881,2017-02,2017,2
"SƠN TÙNG M-TP PRIVATE YEAR END MEETING 2017","2017-02-12 00:00:00",4655,2719001,58455,3996,2017-02,2017,2
"NƠI NÀY CÓ ANH | TEASER MUSIC VIDEO | SƠN TÙNG M-TP","2017-02-06 00:00:00",33,3547620,57973,3524,2017-02,2017,2
"Giữ Tết Truyền Thống, Sống Tết Hiện Đại","2017-01-27 00:00:00",21,273455,14907,759,2017-01,2017,1
"UNBOXING 2017 NEW YEAR GIFT | SƠN TÙNG M-TP","2017-01-13 00:00:00",151,308217,14218,1908,2017-01,2017,1
"Lạc Trôi | Making MV | Sơn Tùng M-TP","2017-01-07 00:00:00",590,5212720,128240,9780,2017-01,2017,1
"LẠC TRÔI | PIANO VERSION | SƠN TÙNG M-TP","2017-01-04 00:00:00",169,2531227,49700,2893,2017-01,2017,1
"LẠC TRÔI | OFFICIAL MUSIC VIDEO | SƠN TÙNG M-TP","2016-12-31 00:00:00",273,281153633,1877828,298562,2016-12,2016,12
"Trực Tiếp: Họp Báo Ra Mắt Dự Án Âm Nhạc Lạc Trôi Và Mini Concert Sơn Tùng M-TP","2016-12-31 00:00:00",3906,1501998,18931,1417,2016-12,2016,12
"LẠC TRÔI | TEASER MUSIC VIDEO | SƠN TÙNG M-TP","2016-12-16 00:00:00",39,2416714,32229,3348,2016-12,2016,12
"SƠN TÙNG M-TP | LIVESHOW M-TP AMBITION | PART 4","2016-11-22 00:00:00",1435,848195,16234,1274,2016-11,2016,11
"SƠN TÙNG M-TP | LIVESHOW M-TP AMBITION | PART 3","2016-11-20 00:00:00",1459,696841,16313,1208,2016-11,2016,11
"SƠN TÙNG M-TP | LIVESHOW M-TP AMBITION | PART 2","2016-11-18 00:00:00",1864,843594,16296,1317,2016-11,2016,11
"SƠN TÙNG M-TP | LIVESHOW M-TP AMBITION | PART 1","2016-11-16 00:00:00",1463,1371274,26621,2514,2016-11,2016,11
"SƠN TÙNG M-TP | LIVESHOW M-TP AMBITION | TRAILER","2016-11-12 00:00:00",214,316743,10488,998,2016-11,2016,11
"Chúng Ta Không Thuộc Về Nhau | Official Music Video | Sơn Tùng M-TP","2016-08-02 00:00:00",243,237742671,1276009,211044,2016-08,2016,8
"CHÚNG TA KHÔNG THUỘC VỀ NHAU | DEBUT ONSTAGE | LIVE STREAMING","2016-08-02 00:00:00",3284,1958514,23940,1431,2016-08,2016,8
"Chúng Ta Không Thuộc Về Nhau | TEASER MUSIC VIDEO | Sơn Tùng M-TP","2016-07-26 00:00:00",36,2345045,23645,2652,2016-07,2016,7
"Nắng Ấm Xa Dần - Sơn Tùng M-TP","2016-07-25 00:00:00",192,41133644,150041,6880,2016-07,2016,7
"Thái Bình Mồ Hôi Rơi - Sơn Tùng M-TP","2016-07-25 00:00:00",319,13275866,120849,7710,2016-07,2016,7
"Chắc Ai Đó Sẽ Về | Sơn Tùng M-TP | Stage Version | Đà Lạt","2016-02-23 00:00:00",286,180468,3158,122,2016-02,2016,2
"Nắng Ấm Xa Dần | Sơn Tùng M-TP | Stage Version | Đà Lạt","2016-02-22 00:00:00",206,181425,3584,147,2016-02,2016,2
"Buông Đôi Tay Nhau Ra | Sơn Tùng M-TP | Stage Version | Đà Lạt","2016-02-22 00:00:00",280,205675,2930,93,2016-02,2016,2
"Fancam | Sơn Tùng M-TP Tại Sân Bay Đà Lạt 2016","2016-02-22 00:00:00",85,185938,3685,143,2016-02,2016,2
"Khuôn Mặt Đáng Thương | Stage Version | Sơn Tùng M-TP","2016-02-02 00:00:00",245,328421,4900,162,2016-02,2016,2
"Buông Đôi Tay Nhau Ra | Stage Version | Sơn Tùng M-TP","2016-02-02 00:00:00",314,253395,3327,142,2016-02,2016,2
"Em Của Ngày Hôm Qua | Stage Version | Sơn Tùng M-TP","2016-02-02 00:00:00",391,168230,3258,214,2016-02,2016,2
"VIRAL CLIP - MỘT NĂM MỚI BÌNH AN | SƠN TÙNG M-TP","2016-01-23 00:00:00",253,105254783,512280,38438,2016-01,2016,1
"SƠN TÙNG M-TP | MỘT NĂM MỚI BÌNH AN [Teaser]","2016-01-16 00:00:00",31,229525,5402,264,2016-01,2016,1
"Buông Đôi Tay Nhau Ra | Stage Version | Sơn Tùng M-TP","2016-01-07 00:00:00",209,966232,8662,444,2016-01,2016,1
"Em Của Ngày Hôm Qua | Stage Version | Sơn Tùng M-TP","2016-01-07 00:00:00",222,312747,4000,152,2016-01,2016,1
"Sơn Tùng M-TP | Buổi Fan Meeting Tại Hà Nội","2016-01-07 00:00:00",372,193369,2975,108,2016-01,2016,1
"Sơn Tùng M-TP | Không Còn Mùa Thu","2016-01-05 00:00:00",101,347024,5428,201,2016-01,2016,1
"Sky Hát Tặng Sơn Tùng M-TP Fan Meeting In Hanoi","2016-01-05 00:00:00",110,102530,2935,142,2016-01,2016,1
"Sơn Tùng M-TP Về Thăm Thái Bình","2016-01-03 00:00:00",239,840887,6617,330,2016-01,2016,1
"Sơn Tùng M-TP | Buổi Họp Mặt Offline Tại Jollibee","2016-01-03 00:00:00",216,275773,4561,147,2016-01,2016,1
"Sky Hát Tặng Sơn Tùng M-TP Tại Buổi Fan Meeting Thái Bình","2015-12-31 00:00:00",23,112468,2582,65,2015-12,2015,12
"Sơn Tùng M-TP | Making The Show","2015-12-29 00:00:00",164,110529,3738,123,2015-12,2015,12
"Sơn Tùng M-TP | Merry Christmas","2015-12-25 00:00:00",186,247516,6562,291,2015-12,2015,12
"Đêm Trao Giải Làn Sóng Xanh lần thứ 18 - 2015 | Sơn Tùng M-TP","2015-12-21 00:00:00",122,309016,5443,229,2015-12,2015,12
"Buổi Tập Luyện Làn Sóng Xanh 2015 | Sơn Tùng M-TP","2015-12-19 00:00:00",105,176808,4582,140,2015-12,2015,12
"M-TP |  Tuyển tập các ca khúc Sơn Tùng | His Music Journey","2015-12-16 00:00:00",8998,16467571,117196,4842,2015-12,2015,12
"Buông Đôi Tay Nhau Ra | OFFICIAL MUSIC VIDEO | Sơn Tùng M-TP","2015-12-02 00:00:00",290,160831902,748964,74953,2015-12,2015,12
"SƠN TÙNG M-TP CHUẨN BỊ CHO RA BÀI HIT MỚI","2015-11-19 00:00:00",38,346242,4803,148,2015-11,2015,11
"2015.10.08 SƠN TÙNG | HỌP BÁO Liveshow MTV Vietnam EMA Connection","2015-10-09 00:00:00",79,103167,3024,158,2015-10,2015,10
"Âm Thầm Bên Em | OFFICIAL MUSIC VIDEO | Sơn Tùng M-TP","2015-08-21 00:00:00",850,167945535,933055,98510,2015-08,2015,8
"TVC OISHI C+ | Sơn Tùng M-TP | 30'' version","2015-08-21 00:00:00",30,942748,9280,314,2015-08,2015,8
"Âm Thầm Bên Em | Behind The Scenes","2015-08-17 00:00:00",157,868656,8305,496,2015-08,2015,8
"Sơn Tùng M-TP | Âm Thầm Bên Em (Official MV Teaser)","2015-08-06 00:00:00",60,1063633,10704,637,2015-08,2015,8
"Âm Thầm Bên Em | Sơn Tùng M-TP | LIVE STREAMING | BẢN CHÍNH THỨC","2015-08-06 00:00:00",1180,5809955,39122,1681,2015-08,2015,8
"Sơn Tùng M-TP | Tiến Lên Việt Nam Ơi! | Bản Chính Thức","2015-06-16 00:00:00",218,5226277,66222,3891,2015-06,2015,6
"Sơn Tùng M-TP | Tiến Lên Việt Nam Ơi!  (TEASING VERSION)","2015-06-12 00:00:00",34,385142,7509,385,2015-06,2015,6
"Sơn Tùng M-TP: Save the date 05/07/2015","2015-05-21 00:00:00",137,568167,9416,550,2015-05,2015,5
"MÓN QUÀ ĐẶC BIỆT CỦA M-TP (Phần 2)","2015-04-25 00:00:00",993,1922224,18867,1730,2015-04,2015,4
"MÓN QUÀ ĐẶC BIỆT CỦA M-TP (Phần 1)","2015-04-23 00:00:00",719,2226486,21431,960,2015-04,2015,4
"Sơn Tùng M-TP - Chắc Ai Đó Sẽ Về","2015-01-30 00:00:00",315,55852134,375436,31132,2015-01,2015,1
